1a ,Github 帳號,分組組別
40823114,40823114,8
40823124,joyy5f,8
40823238,40823238,8
40923247,,
40928135,,
40928204,,
40932137,,
40947208,,
40947214,,
41023218,41023218,
41023237,www000123,7
41046109,41046109,8
41046137,41046137,8
41071145,,
41145405,41145405,6
41223101,41223101,5
41223103,CYG41223103,6
41223104,41223104,2
41223105,41223105,5
41223106,CYA41223106,
41223107,Lin41223107,5
41223110,41223110,4
41223118,zhe41223118,4
41223120,41223120,1
41223121,yan21ed,1
41223122,spirit0224,6
41223123,G8people,2
41223126,Ren911308,1
41223129,hong41223129,8
41223130,joeisme1208,4
41223131,yuhao-08,7
41223134,41223134,7
41223136,41223136,1
41223137,,
41223138,,
41223140,41223140,4
41223141,,
41223144,41223144,4
41223146,41223146,2
41223149,,
41223150,41223150,4
41223152,41223152,2
41223153,41223153,1
41243224,dingxinfan,7
